sl_no,block,village_panchayat,shelter_name,plinth_area_sqft,funding_agency,source_page
1,Astaranga,Astaranga,Astaranga H.S.,2000,PMNRF,102
2,Astaranga,Naiguan,B.D. High School,2000,PMNRF,102
3,Astaranga,"Bantilo, Korana",Bantilo HS,2000,PMNRF,102
4,Astaranga,Patalada,Patalada HS,2000,PMNRF,102
5,Astaranga,"Edabansa,Talada",Padhihari Bidyapitha,2000,PMNRF,103
6,Astaranga,"Jhadaling,Nuagar h",Jhadalinga HS,2000,PMNRF,103
7,Astaranga,"Sundar , Chhuriana",Sundar HS,2000,PMNRF,103
8,Brahmagiri,"Mudirath, Badabenakudi",Govt. HS,2000,PMNRF,103
9,Brahmagiri,Bentapur,B.K.Girls’ HS,2000,PMNRF,103
10,Brahmagiri,"Sunamuhin,Gadar otanga",Krushak Bidyapitha,2000,PMNRF,103
11,Brahmagiri,Gorual,Palakeswari HS,2000,PMNRF,103
12,Brahmagiri,Kapileswarpur,A J Das Bidyapitha,2000,PMNRF,103
13,Brahmagiri,Rahadmalla,Brundaban HS,2000,PMNRF,103
14,Brahmagiri,"Gadakokala, Raibidhar",Gadakokala HS,2000,PMNRF,103
15,Gop,"Gadajhinkiria, Achutpur",Kochileswar HS,2000,PMNRF,103
16,Gop,Dihuda,Nilakantheswar HS,2000,PMNRF,103
17,Gop,"Dasbatia, Banakhandi",Dasbatia HS,2000,PMNRF,103
18,Gop,"Jaunlipokhari, Baniasahi",Rusipada HS,2000,PMNRF,103
19,Gop,Chadheigaon,Sri J N HS,2000,PMNRF,103
20,Gop,Balia,S N Bidyapitha,2000,PMNRF,103
21,Gop,Dalanai. BAntaligram,Bantaligram Panchayat HS,2000,PMNRF,103
22,Gop,Kursipanchan,Dasabandhu HS,2000,PMNRF,103
23,Gop,Birtunga,Saraswati Bidyapitha,2000,PMNRF,103
24,Gop,Chhaitana,HCM HS,2000,PMNRF,103
25,Gop,"Nayahat, Dhumalo",Nayahat HS,2000,PMNRF,103
26,Gop,Erabanga,Erabanga HS,2000,PMNRF,103
27,Gop,Ganeswarpur,Ganeswarpur HS,2000,PMNRF,103
28,Gop,Gop,Girls’ HS,2000,PMNRF,103
29,Gop,Gop,NN HS,2000,PMNRF,103
30,Gop,Konark NAC,Konark HS,2000,PMNRF,103
31,Gop,"Orei, Mahakalapada",Jogeswari Bidyapitha,2000,PMNRF,103
32,Gop,"Olandi,Rahanagor ada",UG HS,2000,PMNRF,103
33,Gop,"Anasara, Simili",Rudrani HS,2000,PMNRF,103
34,Gop,Sutan,Balikapileswar HS,2000,PMNRF,103
35,Gop,Sutan,Sutan HS,2000,PMNRF,103
36,Kakatpur,"Balidokan,Kuraju nga",Bateswar HS,2000,PMNRF,104
37,Kakatpur,"Chitreswari, Abadan",Chitreswari HS,2000,PMNRF,104
38,Kakatpur,"Patapur, Kundhei",Barunei HS,2000,PMNRF,104
39,Kakatpur,"Bijapur, kundhei",Bajapur HS,2000,PMNRF,104
40,Kakatpur,Lataharana,Lataharan HS,2000,PMNRF,104
41,Kakatpur,Kakatpur,Kakatpur Girls’ HS,2000,PMNRF,104
42,Kakatpur,Mahadevbasta,Trilochanpur HS,2000,PMNRF,104
43,Kakatpur,Bhandisahi,UGMS Bidyapitha,2000,PMNRF,104
44,Kakatpur,Bangurikan,Bangurigan Girls’ HS,2000,PMNRF,104
45,Kakatpur,Bangurigan,Birabhadra Bidyapitha,2000,PMNRF,104
46,Kanas,Adalbadal,Kulamani Bidyapitha,2000,PMNRF,104
47,Kanas,K.Khani,Kaduaghat Academy,2000,PMNRF,104
48,Kanas,Khandahota,AGC Bidyapitha,2000,PMNRF,104
49,Kanas,Gadisagoda,Gopinath HS,2000,PMNRF,104
50,Kanas,Karamala,SA Bidyapitha,2000,PMNRF,104
51,Kanas,Gadakharada,Sri Chandaneswar HS,2000,PMNRF,104
52,Krushnaprasad,Badajhad,Kamaleswar Bidyapitha,2000,PMNRF,104
53,Krushnaprasad,Parikud,PLC Bidyapitha,2000,PMNRF,104
54,Krushnaprasad,C.Nuapada,Narayani Bidyapitha,2000,PMNRF,104
55,Krushnaprasad,Panaspada,Harihar Bidyapitha,2000,PMNRF,104
56,Krushnaprasad,Gambhari,Dwarsuni Bidyapitha,2000,PMNRF,104
57,Krushnaprasad,Nandala,Dr. MM HS,2000,PMNRF,104
58,Krushnaprasad,B.Nuagaon,Basudev HS,2000,PMNRF,104
59,Krushnaprasad,"Ora, Siandi",Sansima HS,2000,PMNRF,104
60,Puri Sadar,Biraharekrushnap ur,Biraharekrishnapur HS,2000,PMNRF,104
61,Puri Sadar,B.N. Pur,Bhargavi HS,2000,PMNRF,104
62,Puri Sadar,Baliguali,S.B. HS,2000,PMNRF,104
63,Puri Sadar,Baliput,Panchayat HS,2000,PMNRF,104
64,Puri Sadar,Bira P. Pur,Bhargavi Girls’ HS,2000,PMNRF,104
65,Puri Sadar,Chalisbasta,Katyayani HS,2000,PMNRF,104
66,Puri Sadar,K.B.Pur,M.S. HS,2000,PMNRF,104
67,Puri Sadar,Siruli,Mahavir HS,2000,PMNRF,104
68,Puri Sadar,Pratap P.Pur,Pratap P Pur HS,2000,PMNRF,104
69,Puri Sadar,Puri,Bholanath Bidyapith,2000,PMNRF,104
70,Puri Sadar,Puri,Biswambar Bidyapith,2000,PMNRF,104
71,Puri Sadar,Puri,GBP Hadagadasahi HS,2000,PMNRF,104
72,Puri Sadar,Puri,Gadadhar HS,2000,PMNRF,104
73,Puri Sadar,Puri,K.D. High School,2000,PMNRF,104
74,Puri Sadar,Puri,Govt. Girls’ HS,2000,PMNRF,105
75,Puri Sadar,Puri,Police HS,2000,PMNRF,105
76,Puri Sadar,Puri,Zilla HS,2000,PMNRF,105
77,Puri Sadar,Puri,S.M. Girls’ HS,2000,PMNRF,105
78,Puri Sadar,Puri,Samagera HS,2000,PMNRF,105
79,Astaranga,Athatira,Aisaneswar Bidyapitha,2125,CMRF (executed by IDCO),105
80,Brahmagiri,Khajuria,Balunkeswar Bidyapitha,2125,CMRF,105
81,Delanga,Delanga,Govt. Girls High School,2125,CMRF,105
82,Gop,Gadabangar,Govt. HS,2125,CMRF,105
83,Kakatpur,Kakatpur,Govt. HS,2125,CMRF,105
84,Kanas,"Jharada, Radhakrishnapur",UG High School,2125,CMRF,105
85,Krushnaprasad,Alupatna,Chilika HS,2125,CMRF,105
86,Nimapara,Bamanala,Bamanala HS,2125,CMRF,105
87,Pipili,Gobindpur,Gobindpur HS,2125,CMRF,105
88,Puri Sadar,,Charishree HS,2125,CMRF,105
89,Satyabadi,Sukal,Trutiyadev Bidyaniketan,2125,CMRF,105
90,Astaranga,Nagar,MPCS,1750,German KFW/ IRCS,105
91,Astaranga,Nuagarh,MPCS,1750,German KFW/ IRCS,105
92,Kakatpur,Tentulia,MPCS,1750,German KFW / IRCS,105
93,Astaranga,Kania,Nasikeswar U.P. School,1550,IRCS,105
94,Astaranga,Kania,Saraswati Academy,1550,IRCS,105
95,Astaranga,"Udaypur, Korana",Udaypur HS,1952,CARE,105
96,Astaranga,Sudhikeswar`,Churiana MPCS,2636,CARE,105
97,Astaranga,Korana,Korana MPCS,2636,CARE,105
98,Astaranga,Sisua,Belanga MPCS,1952,CARE,105
99,Astaranga,Patalada,Timora MPCS,1952,SDC (executed by CARE),106
100,Astaranga,"Deruna, Naiguan",Deruna P.S./M.E. School,1952,SDC (executed by CARE),106
101,Astaranga,"Anakana, Chhuriana",Pipra Pry. School,2317,SDC (executed by LWS),106
102,Gop,"Ogalpur, Badatara",Ogalpur M.E. School,2317,SDC (executed by LWS),106
103,Gop,Simuli,Nuagan HS,2317,SDC (executed by LWS),106
104,Gop,Birtunga,Garhkarmal HS,2317,SDC (executed by LWS),106
105,Gop,Desthali,Suhanasasan HS,2317,SDC (executed by LWS),106
106,Astaranga,Birudi pantala,MPCS,630,OJS & XIMB,106
107,Astaranga,Dakhinapantala,MPCS,630,OJS & XIMB,106
108,Astaranga,Balipantala,MPCS,630,OJS & XIMB,106
110,Astaranga,Madhupur,MPCS,630,OJS & XIMB,106
111,Astaranga,Nampur,MPCS,630,OJS & XIMB,106
112,Astaranga,Jhadaling,MPCS,630,OJS & XIMB,106
113,Astaranga,Damasuna,MPCS,630,OJS & XIMB,106
114,Astaranga,Bahudiha,MPCS,630,OJS & XIMB,106
115,Astaranga,Gandalaba,MPCS,630,OJS & XIMB,106
118,Brahmagiri,Brahmagiri,Brahmagiri H.S.,2227,NFCR/CRF,107
119,Astaranga,Nua Kaliakana,MPCS,630,OJS & XIMB,106
119,Brahmagiri,Rebana Nuagan,Rebana Nuagaon HS,2227,NFCR/CRF,107
120,Delanga,,Sadangoi HS,2227,NFCR/CRF,107
121,Delanga,Delanga,Mahatab HS,2227,NFCR/CRF,107
122,Delanga,Station Bazar,R.K. Bidyapitha,2227,NFCR/CRF,107
123,Delanga,Gangapur Patana,R.M. Bidyapitha,2227,NFCR/CRF,107
124,Nimapara,Balanga,107ota107za Girls’ HS,2227,NFCR/CRF,107
125,Nimapara,Amareswar,Amareswar HS,2227,NFCR/CRF,107
126,Kanas,Kanas,Govt. HS,2227,NFCR/CRF,107
127,Kanas,Olhan,G.B. HIGH SCHOOL,2227,NFCR/CRF,107
128,Pipili,Dandmukundpur,G.M. HIGH SCHOOL,2227,NFCR/CRF,107
129,Pipili,Kanti,Kanti G.P. HS,2227,NFCR/CRF,107
130,Pipili,Sampur,Astasambhu HS,2227,NFCR/CRF,107
131,Pipili,107ota Sahi,Utkalmani S Bidyapitha,2227,NFCR/CRF,107
132,Puri Sadar,Sundar,Tarayan HS,2227,NFCR/CRF,107
133,Puri Sadar,Sasan damodarpur,Ramahari Bidyapitha,2227,NFCR/CRF,107
134,Satyabadi,Satyabadi,Raichakradharpur HS,2227,NFCR/CRF,107
135,Satyabadi,Gabakunda,Jayadurga HS,2227,NFCR/CRF,107
136,Gop,Nagapur,Nagarpur HS,3347,MPLAD,107
137,Pipili,Pipli,Jawahar Bidyapitha,3228,MPLAD,107
138,Pipili,Pipli,Pipli HS,3196,MPLAD,107
139,Puri Sadar,Chandanpur,MG Hogh School,3648,MPLAD,107
140,Satyabadi,Sakhigopal,Satyabadi HS,3207,MPLAD,107
141,Delanga,Gadamotari,Biswanath Dev HS,,MPLAD,107
142,Nimapara,Balanga,Govt. HS Balanga,,MPLAD,107
143,Kakatpur,Bangurigan Pr.S.,Bangurigan Pr. S.,,UNICEF,107
144,Kakatpur,Lataharana,Amunihapayna Pr.S.,,UNICEF,107
145,Kakatpur,Othaka,Somnathpur Pr. S.,,UNICEF,107
148,Krushnaprasad,Satapara,Satapada Village,2000,OSDMA,108
149,Krushnaprasad,Arakhakuda,Manikpatna Village,3000,OSDMA,108
150,Krushnaprasad,Arakhakuda,Gopinathpur Village,2000,OSDMA,108
151,Krushnaprasad,Siandi,Siandi villaje,1000,OSDMA,108
152,Krushnaprasad,Bajrakot,Talatala Village,1000,OSDMA,108
153,Krushnaprasad,Ramalenka,Kumarpara Village,1000,OSDMA,108
154,Krushnaprasad,Panaspada,Panaspada Village,3000,OSDMA,108
155,Krushnaprasad,Berhampur,Berhampur Village,,OSDMA,108
156,Krushnaprasad,Malud,Malud Village,,OSDMA,108
157,Krushnaprasad,Nuapada,Nuapada Village,,OSDMA,108
158,Astaranga,Talada,Talada Village,,OSDMA,108
159,Brahmagiri,Ambapada,Ambapada Village,,OSDMA,108
160,Kakatpur,Abadan,Singarpal Village,,OSDMA,108
161,Puri Sadar,Baliguali,Beladala Village,1000,OSDMA,108
162,Puri Sadar,Baliput,Baliput Village,,OSDMA,108
163,Puri Sadar,Puri Municipality,Penthakota,,OSDMA,108
164,Nimapara,Charichhak,Charichhak HS,,Govt. of Maharashtr a,108
165,Nimapara,"Thakurpatna, Kalapanchan",Ratnapur HS,,Govt. of Maharashtr a,108
166,Puri Sadar,Brahmagiri,Bentapur,Satikapuri (Nagochhia Chaka),MCS,108
167,Puri Sadar,Brahmagiri,Champamanik,Champamanik,MCS,108
168,Puri Sadar,Brahmagiri,Gorual,Balabhadrapur Patna,MCS,108
169,Puri Sadar,Brahmagiri,Bentapur,Matamatpur,MCS,108
171,Puri Sadar,Krushnaprasad,Malud,Fatepur,MCS,109
172,Puri Sadar,Krushnaprasad,Gomundia,Gomundia,MCS,109
173,Puri Sadar,Krushnaprasad,Siala,Morada,MCS,109
174,Puri Sadar,Krushnaprasad,Siala,Siala,MCS,109
175,Puri Sadar,Puri Sadar,Hantak,Hantak,MCS,109
176,Puri Sadar,Puri Sadar,Jamarsuan,Jamarsuan,MCS,109
177,Puri Sadar,Puri Sadar,Chalisibatia,Kantashila,MCS,109
178,Puri Sadar,Kanas,Deipur,Deipur,MCS,109
179,Puri Sadar,Kanas,Kadua,Sahaspur,MCS,109
180,Puri Sadar,Kanas,Deipur,Gadakharada-I,MCS,109
181,Puri Sadar,Pipili,Kanti,Kakudia,MFS,109
182,Puri Sadar,Astaranga,Korana,Bandarikaral,MFS,109
183,Puri Sadar,Astaranga,Korana,Ratanpur,MCS,109
184,Puri Sadar,Astaranga,Kendarapati,Namaro,MCS,109
185,Puri Sadar,Astaranga,Sarifpur,Kundeswar,MCS,109
186,Puri Sadar,Gop,Baniasahi,Inchula,MCS,109
187,Puri Sadar,Gop,Bantiligaon,Tarahan,MCS,109
