beneficiary_category,districts,rice_kg,cash_rupees,other_items,source_page
Households in districts assessed 'extremely severely affected',"Puri, parts of Khurdha",50,2000,polythene sheet,5
Households in districts assessed 'severely affected',Khurdha,one-month quota (additional),1000,polythene sheet,5
Households in 'moderately affected' districts,"Cuttack, Kendrapada, Jagatsinghpur",one-month quota (additional),500,,5
House building assistance - fully damaged structures,all affected,,95100,per relief code,5
House building assistance - partially damaged structures,all affected,,5200,per relief code,5
House building assistance - minor damages,all affected,,3200,per relief code,5
Pensioners in affected districts,all affected,,one-month additional pension,,5
PM National Relief Fund - next of kin of deceased,Odisha,,200000,ex-gratia,3
PM National Relief Fund - seriously injured,Odisha,,50000,ex-gratia,3
